"מזהה","שם","מצב","קטגוריית ישות","שם באנגלית","שם קצר באנגלית","תאריך סוף","תאריך התחלה"
"1","משתמש ","1","222","User","User","",""
"2","פרופיל","1","14","Profile","Profile","",""
"3","יחידה ארגונית","1","222","Organization Unit","Org. Unit","",""
"4","תפקיד","1","14","Role","Role","",""
"6","מסמך","1","10020","Document","Doc","",""
"7","דיוור","1","14","Distribution","Distr","",""
"10","מידע סיכומי על משתמש","1","14","User Summery Details","User Dets","",""
"12","משימה","1","10012","Task","Task","",""
"14","אירוע","1","14","Event","Event","",""
"15","ישות לצרכי בדיקות תשתית רצפה","1","14","Test Parent","Test Parent","",""
"16","הודעות","1","10012","Messages List","Msgs Lst","",""
"17","הערות לישות","1","14","Entity Remarks","Ent Rem","",""
"18","טבלת מילון נתונים","1","223","DataDictionaryTable","DataDictionaryTable","",""
"20","מסר","1","223","Message","Message","",""
"21","קשר ישיר","1","223","RelationshipLink","RelationshipLink","",""
"22","קשר","1","223","Relationship","Relationship","",""
"23","אוצר מילים","1","223","Term","Term","",""
"1001","תיק עסקה","1","3","Deal lFile","Deal File","",""
"1002","בקשת פרה - רולינג","1","2","Pre-Ruling Request","PR Req","",""
"1003","פרט מכס","1","2","Customs Item","Cust Item","",""
"1004","אתר מכס","1","11","Site","Site","",""
"1005","סבב אישורים","1","14","Approval Process","App. Proc","",""
"1006","סוג סבב אישורים","1","10012","Approval Process Type","App. Proc. Type","",""
"1008","תיק תביעה/ערעור","1","41","Claim File","Claim","",""
"1009","טבלאות מערכת","1","10020","System Tables","Sys Tbls","",""
"1010","רשיון/אישור","1","55","License And Confirmation","Lcn & Confir","",""
"1011","קשר בין רשימונים לרשיונות ואישורים","1","999","Confirmation In LOI","Conf. LOI","",""
"1012","לקוח","1","12","Customer","Customer","",""
"1013","כתובת לקוח","1","12","Customer Address","Customer Address","",""
"1014","תיק תביעה מוביל","1","41","Leading File","Leading File","",""
"1015","מסר בקשת אחסנה","1","5","StorageRequestMessage","Storage Request","",""
"1016","ספק","1","13","Vendor","Vendor","",""
"1017","מזהה שם ספק","1","13","Vendor Name Identifier","Vendor Name Identifier","",""
"1020","מסר סגירת גוש באתר אחסנה","1","5","BlockClosureMessage","BlockClosureMessage","",""
"1022","מכסה","1","2","Quota","Quota","",""
"1023","היטל סחר","1","2","TradeLevy","TradeLevy","",""
"1026","לקוח חו""ל","1","13","ForeignCustomer","ForeignCustomer","",""
"1027","הסכם סחר","1","2","TradeAgreement","TradeAgreement","",""
"1028","מסר דיווח ביצוע פעולה מיוחדת","1","5","SpecialActivityExecutionReportMassage","SpecialActivityExecutionReportMassage","",""
"1029","כתב ערבות","1","43","GuaranteeCertificate","GuaranteeCertificate","",""
"1030","בקשה לשינויים","1","4","GuaranteeTermsChangeRequest","GuaranteeTermsChangeRequest","",""
"1031","בקשה לערב","1","43","GuaranteeRequestForGuaranator","GuaranteeRequestForGuaranator","",""
"1032","ערב","1","43","Guarantor","Guarantor","",""
"1033","תיק ערבות","1","43","GuaranteeFile","GuaranteeFile","",""
"1034","בקשה להמצאת כתב ערבות","1","43","GuaranteeRequest","GuaranteeRequest","",""
"1035","תוספת לספר מכס","1","2","CustomsBookAddition","CustomsBookAddition","",""
"1036","דרישות חוקיות","1","2","RegularityRequirement","RegularityRequirement","",""
"1039","הוראת תשלום","1","7","PaymentOrder","PaymentOrder","",""
"1040","תנועות עיקולים","1","999","SeizureRepository","SeizureRepository","",""
"1041","העברת זהב","1","7","RTGS","RTGS","",""
"1042","חשבון בנק","1","7","BankAccount","BankAccount","",""
"1043","הסדר מסב לגורם","1","7","MasabAgreement","MasabAgreement","",""
"1044","קרן","1","7","FundDetails","FundDetails","",""
"1045","הנחיות סיווג","1","2","ClassificationGuidance","ClassificationGuidance","",""
"1046","תיק הישבון","1","8","Drawback File","DrawbackFile","",""
"1047","בקשת הישבון","1","8","Drawback File Request","DrawbackFileRequest","",""
"1048","תביעת הישבון","1","8","Drawback Claim","DrawbackClaim","",""
"1049","בקשת זכאות הישבון","1","8","Drawback Entitlement Request","DrawbackEntitlementRequest","",""
"1050","הפרשי קרן","1","7","AdditionalInformationOnRefundOrder","AdditionalInformationOnRefundOrder","",""
"1051","בקשות לתיק תביעה","1","41","ClaimRequest","ClaimRequest","",""
"1052","תשובת הגורם המקצועי","1","7","InformationAnswer","InformationAnswer","",""
"1053","תצהיר יבואן תקופתי","1","13","Vendor Importer Periodic Declaration","VendorImporterPeriodicDeclaration","",""
"1054","תצהיר יבואן להצהרת יבוא","1","13","Importer LOI Declaration  ","Importer LOI Declaration","",""
"1055","הצהרת יבוא","1","3","Import Declaration","Import Declaration","",""
"1056","הצעה","1","10010","ChangeRequest","ChangeRequest","",""
"1057","הגדרה של הודעות ללא הצמדה","1","10011","NotificationDefinition ","NotificationDefinition ","",""
"1058","הגדרה של קבוצות הצמדה","1","10011","NotificationLinkageGroup ","NotificationLinkageGroup ","",""
"1059","הודעות הצמדה","1","10011","NotificationRequest ","NotificationRequest ","",""
"1060","צו","1","10010","Order ","Order ","",""
"1061","כלל","1","2","Rule","Rule","",""
"1062","תיאור טובין","1","2","GoodsDescription","GoodsDescription","",""
"1063","הערכה","1","999","Evaluation","Evaluation","",""
"1065","החלטה בתיק","1","4","RequestDecision","RequestDecision","",""
"1066","בקשת מידע לתיק","1","4","InformationRequest","ClaimInformationRequest","",""
"1067","סמ""ח","1","224","RiskFactor","RiskFactor","",""
"1068","ערכי סמ""ח","1","224","RiskFactorValue","RiskFactorValue","",""
"1069","שדה","1","223","DataDictionaryField","DataDictionaryField","",""
"1070","סוג ימים","1","14","DaysType","DaysType","",""
"1071","תור","1","224","Queue","Queue","",""
"1111","בית","1","111","Home","Blah","",""
"1282","פעילות לקוח","1","12","CustomerActivity","CustomerActivity","",""
"1700","יישות מדומה עבור ספר ייבוא","1","700","DummyInstanceForImportCustomsBook","DummyInstanceForImportCustomsBook","",""
"1701","יישות מדומה עבור ספר ייצוא","1","701","DummyInstanceForExportCustomsBook","DummyInstanceForExportCustomsBook","",""
"1702","יישות מדומה עבור ספר אוטונומיה","1","702","DummyInstanceForAutonomyCustomsBook","DummyInstanceForAutonomyCustomsBook","",""
"1703","סיווג פרק","1","700","Chapter Customs Item Classifications Details","Classifications Details","",""
"1704","סיווג קודי הנחה","1","700","DiscountCodeCustomsItemClassificationDetails","Classification Details","",""
"1705","תוספת שנייה ספר ייבוא","1","700","CustomsBookImportSecondAddition","CBISecondAddition","",""
"1706","צו מסגרת ספר ייבוא","1","700","CustomsBookImportFrameOrder","CBIFrameOrder","",""
"1707","צו מסגרת ספר ייצוא","1","701","CustomsBookExportFrameOrder","CBEFrameOrder","",""
"1708","ספר סיווג ישראל יבוא","1","700","Customs Book Import","CBI","",""
"1709","ספר סיווג ישראל יצוא","1","701","Customs Book Export","CBE","",""
"1710","ספר יבוא אוטונומיה","1","702","Customs Book Autonomy","CBA","",""
"1711","הודעת הצמדה","1","2","LinkageNotificationRequest","LinkageNotificationRequest","",""
"3333","אכיפה","1","333","Enforcement","","",""
"4444","בקרה","1","444","Control","+","",""
"4447","הצהרת דואר חבילות","1","3","PostalDeclaration","PostalDeclaration","",""
"10008","מצב בדיקה באתר","1","10007","Supervisor Station Checks Search","Station Checks Search","",""
"10009","שיבוץ בודק לבדיקה","1","10007","Supervisor Assign Examiner To Check","Assign Examiner To Check","",""
"10391","הוראת תשלום חדשה","1","7","Payment Order","PaymentOrder","",""
"10392","הוראת החזר","1","7","Refund Order","RefundOrder","",""
"10404","הצהרת שטעון","1","3","TranshipmentDeclaration","TranshipmentDeclaration","",""
"11116","ישות זמנית הצהרת יצוא","1","44","TempExportDeclarationForImport","TempExportDeclarationForImport","",""
"11117","ישות זמנית פח""ן","1","44","TempPachanForImport","TempPachanForImport","",""
"11118","בקשה לפתיחת תיק פיקדון","1","44","DepositRequest","DepositRequest","",""
"11119","תיק פיקדון","1","44","DepositFile","DepositFile","",""
"11120","תיק פיקדון מוביל","1","44","DepositLeadingFile","DepositLeadingFile","",""
"11121","תיק גרעון","1","42","DeficitFile","DeficitFile","",""
"11122","תיק גרעון מוביל","1","42","DeficitLeadingFile","DeficitLeadingFile","",""
"11123","הודעת חיוב","1","42","Debt Notification","Debt Notification","",""
"11124","הסדר תשלומים","1","42","Payment Arrangement","payArr","",""
"11125","תנועת מטען","1","10021","CargoMovement","CargoMovement","",""
"11127","פקודת מסירה","1","10021","DeliveryOrder","DeliveryOrder","",""
"11129","כתב הרשאה","1","12","Power of attorney	","POA","",""
"11130","תיק פט""מ","1","9","Conditional Exemption File","CE File","",""
"11131","בקשת פט""מ","1","9","Conditional Exemption Request","CE Request","",""
"11132","מקח","1","10010","Mekach","Mekach","",""
"11133","תקרת אשראי שנתית","1","4","GuaranteeAnnualCreditLimit","GuaranteeAnnualCreditLimit","",""
"11134","היסטוריית תוספת לספר מכס","1","2","CustomsBookAdditionsDetailsHistory","CustomsBookAdditionsDetailsHistory","",""
"11135","היסטוריית תוספת לכלל","1","2","AdditionRulesDetailsHistory","AdditionRulesDetailsHistory","",""
"11136","היסטוריית מכסה","1","2","QuotaDetailsHistory","QuotaDetailsHistory","",""
"11137","היסטוריית כלל","1","2","RuleDetailsHistory","RuleDetailsHistory","",""
"11138","היסטוריית תעריף","1","2","TariffDetailsHistory","TariffDetailsHistory","",""
"11139","תעריף","1","2","Tariff","Tariff","",""
"11141","חידוש מכסה","1","2","QuotaRenewal","QuotaRenewal","",""
"11142","מענה לבקשה לערב","1","43","GuaranteeResponseFromGuaranator","GuaranteeResponseFromGuaranator","",""
"11143","גירסא של הסכם סחר","1","2","Trade Agreement Version","TAV","",""
"11144","תנועה","1","10","EntryExitCargoMovement","EntryExitCargoMovement","",""
"11145","היסטוריה פרט מכס","1","2","CustomsItemDetailsHistory","CustomsItemDetailsHistory","",""
"11147","תנועת חישוב הישבון","1","8","DrawbackCalculationMovement","DrawbackCalculationMovement","",""
"11148","תקרת האשראי לשנה בתיק הפיקדון","1","44","DepositAnnualCreditLimit","DepositAnnualCreditLimit","",""
"11149","החלטה בתיק הפיקדון","1","44","DepositFileOperation","DepositFileOperation","",""
"11150","בקשה לביצוע פעולה בתיק הפיקדון","1","44","DepositFileRequest","DepositFileRequest","",""
"11151","מצהר","1","66","Manifest","Manifest","",""
"11152","מטען","1","10","Cargo","Cargo","",""
"11153","קבוצות פרטי מכס","1","2","CustomsItemsGroup","CustomsItemsGroup","",""
"11154","זכאות","1","10001","Entitlement","Entitlement","",""
"11155","אישור למימוש זכאות","1","10001","EntitlementCertificate","EntitlementCertificate","",""
"11156","מסמך מוביל","1","3","LeadDocument","LeadDocument","",""
"11157","הצהרת יבוא יצוא","1","3","Declaration","Declaration","",""
"11158","רכב","1","10003","Vehicle","Vehicle","",""
"11159","וועדות","1","10010","Committee","Committee","",""
"11161","פרטים כלליים בקשת פט""מ","1","9","Conditional Exemption Request General Detail","CE RequestGeneralDetail","",""
"11162","הצהרת יבואן פט""מ על רכישה מקומית","1","9","Conditional Exemption Purchase Declaration","CE Purchase Declaration","",""
"11163","בקשת פטור על רכישה מקומית","1","9","Conditional Exemption Local Purchase Request","CE Local Purchase Request","",""
"11164","בקשה להעברת בעלות מזכאי לזכאי","1","9","Conditional Exemption Ownership Change Request","CE Ownership Change Request","",""
"11165","רשומת פרטי בקשה להארכת מועד","1","9","Conditional Exemption Proof Date Extension Request Record","CE Proof Date Extension Request Record","",""
"11166","בקשת הארכת מועד","1","9","Conditional Exemption Proof Date Extension Request","CE Proof Date Extension Request","",""
"11167","הארכת מועד אחרון להוכחת השימוש","1","9","Conditional Exemption Proof Date Extension","CE Proof Date Extension","",""
"11168","פעילות פט""מ במסגרת תיק מסויים","1","9","Conditional Exemption Activity","CE Activity","",""
"11169","הצהרת הוכחת שימוש או הוכחת יצוא","1","9","Conditional Exemption Proclamation","CE Proclamation","",""
"11170","היסטוריית מאפיני פרט מכס","1","2","PropertiesDetailsHistory","PropertiesDetailsHistory","",""
"11171","גרסת מטען","1","10","CargoVersion","CargoVersion","",""
"11172","בקשה לתיקון מסמך מוביל","1","3","AmendmentRequest","Declaration","",""
"11173","בקשה לקבלת יצואן מאושר","1","12","CustomerRequest","CustomerRequest","",""
"11174","ספר זכאויות","1","10001","EntitlementItemType","EntitlementItems","",""
"11175","סידורי במטען","1","10","CargoRowDetail","CargoRowDetail","",""
"11176","מסר בקשה לפעולה מיוחדת באתר אחסנה","1","5","SpecialActivityRequestMessage","SpecialActivityRequestMessage","",""
"11177","מסר אחסנה","1","5","StorageMessage","StorageMessage","",""
"11178","מכסות","1","10001","EntitlementQuota","EntitlementQuota","",""
"11179","מסר קליטה/פריקה באתר אחסנה","1","5","WarehouseUnloadingMessage","WarehouseUnloadingMessage","",""
"11180","מסר אירוע חריג באתר אחסנה","1","5","UnusualEventDetailMessage","UnusualEventDetailMessage","",""
"11181","ביקורת לאתר אחסון","1","5","StorageInspectionPlan","StorageInspectionPlan","",""
"11182","מסר דיווח ארוע חריג","1","5","UnusualEventMessage","UnusualEventMessage","",""
"11183","היסטוריית רשיונות ואישורים","1","55","ConfirmationDetailHistory","ConfirmationDetailHistory","",""
"11184","חשבון","1","3","Invoice","Invoice","",""
"11185","סחורה","1","3","Goods Item","GoodsItem","",""
"11186","התראת סב""ן","1","10014","NonDemandedCargoWarning","NonDemandedCargoWarning","",""
"11188","הצהרת  יצוא","1","3","Export LeadDocument","ExpDeclaration","",""
"12222","שיבוץ תיקי תפ''ג וערבויות לעובד","1","4","WorkerAssignation","WorkerAssignation","",""
"12223","תנועת מטען פנימי","1","10021","InnerCargoMovement","InnerCargoMovement","",""
"12224","מצהר לסגירה","1","66","ManifestToClose","ManifestToClose","",""
"12225","משתמש כח אדם מדומה","1","222","DummyHRUser","DummyHRUser","",""
"12226","בדיקה","1","10002","Check","Check","",""
"12227","בקשה לפתיחת בדיקה","1","10002","CustomsCheckRequest","CheckRequest","",""
"12228","בודקים באתר","1","10007","CheckUserInSite","CheckUserInSite","",""
"12229","הודעה לסוכן","1","10020","AgentTalkBack","AgentTalkBack","",""
"12230","תיק חקר - סמים","1","10013","InvestigationDrugsCase","InvestigationDrugsCase","",""
"12231","ליקוי","1","3","Procedural Fault","ProceduralFault","",""
"12232","מחירון טובין","1","10019","Goods PriceList","GoodsPriceList","",""
"12233","התייעצות","1","14","Consultation","Consultation","",""
"12234","דרישה לבטוחה","1","4","CollateralRequest","CollateralRequest","",""
"12235","בקרת מסמכים","1","14","DocumentaryInspection","DocInspection","",""
"12236","בקשת העברה","1","10021","GatepassRequest","GatepassRequest","",""
"12237","בקשת הישבון פתיחת תיק אחוז מס","1","8","Drawback  Request Create File Percentage","DrawbackRequestCreateFilePercentage","",""
"12238","בקשת הישבון פתיחת תיק מס נדחה","1","8","Drawback Request Create File Deferred","DrawbackRequestCreateFileDeferred","",""
"12239"," תביעת הישבון אחוז מס","1","8","Drawback Claim  Percentage","DrawbackClaimPercentage","",""
"12240","אילוץ","1","3","Constraint","Constraint","",""
"12241"," תביעת הישבון מס נדחה","1","8","Drawback Claim Deferred","DrawbackClaimDeferred","",""
"12242","תנועת מלאי במחסן","1","5","LOIBalance","LOIBalance","",""
"12244","בקשת אישור לאילוץ","1","3","ConstraintApprovalRequest","ConstraintApprovalRequest","",""
"12245","דוחות כלליים","1","10008","Reports","Reports","",""
"12246","כופר","1","3","Ransom","Ransom","",""
"12247","הצהרת ערך נמוך מסחרית","1","3","DigitalAttachmentLowValueDeclaration","DigitalAttachmentLowValueDeclaration","",""
"12248","באפר בדיקות באתרים אוויריים","1","10002","Check pool","Check pool","",""
"12249","רשיונות אישורים ופטורים בתיק עסקה","1","3","DealFileLicenseConfirmation","DealFileLicenseConfirmation","",""
"12250","מועד בדיקה","1","10002","Queue In Check Site","Queue In Check Site","",""
"12252","רב סמ""ח","1","224","MultipleRiskFactor","MultipleRiskFactor","",""
"12253","פעולות בדרישה לבטוחה","1","4","Collateral Credit Operation","Collateral Credit Operation","",""
"12255","השלמת מיסים לרכב","1","10003","VehicleTaxCompletions","VehicleTaxCompletions","",""
"12256","בקשת פט""מ עדכון ","1","9","Conditional Exemption Update Request","CE Request","",""
"12257","בקשת תחזית הישבון","1","8","Drawback Request Forcast","DrawbackRequestForecast","",""
"12258","שדה הערכת סיכונים","1","224","RiskAssessmentFeild","RiskAssessmentFeild","",""
"12260","סטטוס אוניה","1","5","ShipStatus","ShipStatus","",""
"12261","בקשת עדכון תיק אחוז מס","1","8","Drawback Request Update Percentage","DrawbackRequestUpdatePercentage","",""
"12262","בקשת עדכון תיק מס נדחה","1","8","Drawback Request Update Deferred","DrawbackRequestUpdateDeferred","",""
"12263","בקשת שינוי מסלול לאחוז מס","1","8","Drawback Change Nature Request Perentage","DrawbackChangeNatureRequestPerentage","",""
"12264","בקשת שינוי מסלול למס נדחה","1","8","Drawback Change Nature Request Deferred","Drawback Change Nature Request Deferred","",""
"12265","ניהול ספים","1","224","RiskAssessmentThreshold","MultipleRiskFactor","",""
"12266","סימולציה / הרצה יזומה","1","224","Simulation","Simulation","",""
"12267","שחרור מטען מאתר","1","10002","CheckCheckOutScreen","CheckCheckOutScreen","",""
"12269","סינכרון משתמשים","1","222","Sync Users","Sync Users","",""
"12270","הרשאות משתמשים","1","222","Permission users","PermissionUsers","",""
"12271","תבניות","1","10020","Template","Template","",""
"12272","פריט סבן","1","10014","NonDemandedItem","NonDemandedItem","",""
"12273","סבן ריכוז חודשי","1","5","UnRequiredGoodsMonthlyConcentration","UnRequiredGoodsMonthlyConcentration","",""
"12274","מיסוי בשלבים","1","2","TariffListStep","TariffListStep","",""
"12275","יומן רכב","1","10022","VehicleEntryJournal","VehicleEntryJournal","",""
"12276","משגור","1","3","Consignment","Consignment","",""
"12277","יתרות הישבון","1","8","Drawback General Balance","DrawbackGeneralBalance","",""
"12278","יומן רכב - צבאי","1","10022","Army vehicle journal","ArmyVehicleJournal","",""
"12279","שער מטבע","1","10019","CurrencyRate","CurrencyRate","",""
"12280","מלאי למטען","1","5","LOIBalanceForCargo","LOIBalanceForCargo","",""
"12281","יבוא זמני של רכב מנועי","1","3","TemporaryImportOfMotorVehicle","TemporaryImportOfMotorVehicle","",""
"12282","מצב כלי רכב במעבר גבול","1","10022","StateOfVehiclesInBorder","StateOfVehiclesInBorder","",""
"12283","תנועת סגירה למטען","1","10021","CargoClosingAction","CargoClosingAction","",""
"12284","תוצאות הרצה יזומה","1","224","RiskFactorInitiatedRunStatistics","RiskFactorInitiatedRunStatistics","",""
"12285","תוצאות סימולציה","1","224","RiskFactorSimulationResults","RiskFactorSimulationResults","",""
"12286","שיבוץ משימות כפיפים","1","10012","SubordinateTaskAssignment","SubordinateTaskAssignment","",""
"12287","מחירון רכב","1","10003","VehiclePriceList","VehiclePriceList","",""
"12288","כתב תביעה","1","42","StatementOfClaim","StatementOfClaim","",""
"12289","בקשת החייב","1","42","DeficitReductionRequest","DeficitReductionRequest","",""
"12290","עיכוב מכסי","1","12","CustomerCustomsHindrance","CustomerCustomsHindrance","",""
"12291","תצהיר יבואן בטחוני","1","12","Importer Security Declaration","Security Declaration","",""
"12292","מחירון גאטו לרכב","1","10005","VehicleJatoPriceList","VehicleJatoPriceList","",""
"12293","הזנת הגעת מטען לאתר","1","10002","CheckCheckInScreen","CheckCheckInScreen","",""
"12294","פרטי מוצר","1","2","ProductTreeNode","ProductTreeNode","",""
"12295","בקשה לביטול מסמך מוביל","1","3","CancellationRequest","CancellationRequest","",""
"12296","תשלומים בהסדר תשלומים","1","42","PayArrInArrangement","PayArrInArrangement","",""
"12297","גרסא בהסדר תשלומים","1","42","PayArrPaymentsVersion","PayArrPaymentsVersion","",""
"12298","תקלות Workflow","1","10012","FailCalls","FailCalls","",""
"12299","משימת מתזמן","1","10012","TaskScheduler","TaskScheduler","",""
"12300","לוג תזמונים","1","14","TaskSchedulerLog","TaskSchedulerLog","",""
"12301","הצעת תיקונים","1","10010","FixesChangeRequest","FixesChangeRequest","",""
"12302","נעילת ספר זכאויות","1","10001","EntitlementItemTypeLock","EntitlementItemTypeLock","",""
"12303","אסמכתא","1","3","Reference","Reference","",""
"12304","UCR","1","3","UCR","UCR","",""
"12305","אריזות באתר מסירה","1","3","PackagesInDeliverySite","PackagesInDeliverySite","",""
"12306","אריזות באתר אחסנה","1","3","PackagesInWarehouse","PackagesInWarehouse","",""
"12307","אתרים פנימיים","1","3","InternalBorderSite","InternalBorderSite","",""
"12308","אריזות באתר פנימי","1","3","PackagesInInternalBorderSite","PackagesInInternalBorderSite","",""
"12309","כמויות בפרט מכס","1","3","GoodsItemQuantity","GoodsItemQuantity","",""
"12310","תנועה נוספות כספית בשורות חשבון","1","3","InvoiceLineModificationAndDiscount","InvoiceLineModificationAndDiscount","",""
"12311","טבלת קשר בין פרט מכס היטל סחר וסוג פטור","1","3","GoodsItemTradeLevyExamptTypeTradeLevy","GoodsItemTradeLevyExamptTypeTradeLevy","",""
"12312","מספר סריאלי הקשור לסחורה","1","3","GoodsItemSerialNumber","GoodsItemSerialNumber","",""
"12313","קישור בין הצהרות","1","3","AssociatedGoodsItem","AssociatedGoodsItem","",""
"12315","מיסים לפרט מכס","1","3","GoodsItemTax","GoodsItemTax","",""
"12316","נעילת מכסות לזכאות","1","10001","EntitlementQuotaTypeLock","EntitlementQuotaTypeLock","",""
"12317","הצעה לסמ""ח","1","224","RiskFactorOffer","RiskFactorOffer","",""
"12318","תוצאות ריצת הע""ס","1","224","RiskFactorResult","RiskFactorSimulationResult","",""
"12319","תעודת מקור","1","16","CertificateOfOrigin","CertificateOfOrigin","",""
"12320","קרנה ","1","3","Carnet","Carnet","",""
"12321","תנועת קרנה","1","3","CarnetMovement","CarnetMovement","",""
"12322","בדיקות תיק עסקה","1","10018","DealFileValidation","DealFileValidation","",""
"12323","קישור לפרט מכס","1","10010","CustomsItemLinkage","CustomsItemLinkage","",""
"12324","דמי אחסנה ועמלה חודשיים למחסן סבנים","1","10014","NDMonthlyCommisionAndStorageFee","NDMonthlyCommisionAndStorageFee","",""
"12325","סידור עבודה","1","10012","WorkArrangement","WorkArrangement","",""
"12326","הערכת שמאי לפריט סבן","1","10014","NDValueEstimate","NDValueEstimate","",""
"12327","ניהול פרמטרים","1","10018","GlobalParams","GlobalParams","",""
"12328","פרופילים","1","10008","Profiles","Profiles","",""
"12329","פחת לרכב נכים","1","10003","AdditionalDepreciationPercent","CarDepreciationTables","",""
"12330","סכום החזר לרכב נכים","1","10003","AdditionalDepreciationTotalTax","AdditionalDepreciationTotalTax","",""
"12331","הודעות בוקר","1","10020","Morning Messages","Morning Messages","",""
"12332","תיק חקר - אכיפה","1","10013","Investigation case base","Investigation Case Base","",""
"12333","תשתית","1","15","Infrastructure","Infrastructure","",""
"12334","היתר לוגיסטי","1","10","LogisticPermit","LogisticPermit","",""
"12335","אגרה","1","10019","Fee","Fee","",""
"12336","אירוע מ.ב.161","1","3","TemporaryImportOfMotorVehicleEvents","Event","",""
"12337","קישור לשדה","0","15","FieldLink","FieldLink","",""
"12338","הוראת תשלום פיקטיבית","1","7","FictitiousPaymentOrder","FictitiousPaymentOrder","",""
"12340","שאילתות דינאמיות","1","10008","DynamicQueries","Dynamic Queries","",""
"12341","דוח גובה","1","10008","CollectorReport","CollectorReport","",""
"12342","דוחות בקרה פילוט","1","10008","PilotControlReports","PilotControlReports","",""
"12343","מדד מחירים לצרכן","1","10019","ConsumerPriceIndex","ConsumerPriceIndex","",""
"12344","פריט ידע","1","10016","KnowledgeItem","KnowledgeItem","",""
"12345","הצעת ידע","1","10016","KnowledgeSuggestion","KnowledgeSuggestion","",""
"12346","שדות חובה להצהרת יבוא","1","14","DealFileMandatoryFieldForImportDeclaration","DealFileMandatoryFieldForImportDeclaration","",""
"12347","סוג משימה","1","10012","Task Type","TaskType","",""
"12348","כניסת מקט למחסן דיוטפרי","1","5","DFCatalogItemEntry","DFCatalogItemEntry","",""
"12349","העברה בין סניפי דיוטיפרי","1","5","DFSiteTransfer","DFSiteTransfer","",""
"12350","אספקת צידה לאוניות","1","5","DFShipSupplies","DFShipSupplies","",""
"12351","מסר עגלות טיסה","1","5","DFFlightCarts","DFFlightCarts","",""
"12352","חיפוש מסרי דיוטיפרי","1","5","DFCatalogMessage","DFCatalogMessage","",""
"12353","קניין רוחני","1","10013","IntellectualProperty","Intellectual Property","",""
"12354","סוג סבב אישורים - נתיב אישור לפי פרמטר","1","10012","Approval Process Type Route By Parameter","ApprovalProcessTypeRouteByParameter","",""
"12355","סוג סבב אישורים - סוג גורם מאשר בסבב","1","10012","Approval Process Type Step","ApprovalProcessTypeStep","",""
"12356","חיפוש ידע","1","10016","KnowledgeSearch","KnowledgeSearch","",""
"12357","דבר דואר","1","10","Postal Items","Postal Items","",""
"12358","דיווח נזק/חוסר מקט דיוטיפרי","1","5","DFCatalogItemDamageDeficiency","DFCatalogItemDamageDeficiency","",""
"12359","החלטת דואר","1","10","Postal Item Decision","Postal Item Decision","",""
"12360","דוגמא בקניין רוחני","1","10013","IntellectualPropertySample","IntellectualPropertySample","",""
"12361","החלטת דואר לביצוע עתידי","1","10","Postal Item Future Decision","Postal Item Future Decision","",""
"12364","מטען יהלומים","1","10","DiamondCargo","DiamondCargo","",""
"12365","פח""ן בודק","1","3","PassengerCheck","PassengerCheck","",""
"12366","גילוי סם - אכיפה","1","10013","Drug Event","Drug Event","",""
"12367","תפיסות - אכיפה","1","10013","Seizure","Seizure","",""
"12368","חילוץ מיסים","1","10003","VehicleTaxExtraction","VehicleTaxExtraction","",""
"12369","פח""ן מעריך","1","3","PassengerDeclaration","PassengerDeclaration","",""
"12370","סיכום חקירה","1","10013","Investigation Summary","Investigation Summary","",""
"12371","תוכנית אכיפה","1","10013","Enforcment Plans","Enforcment Plans","",""
"12372","פרוטוקול וועדות","1","10013","Committee Protocols","Committee Protocols","",""
"12373","זכד/דוח פעולה","1","10013","Operation Report","Operation Report","",""
"12374","עיכוב חשודים","1","10013","Detainees","Detainees","",""
"12375","בקשות","1","10013","Involved Applications","Involved Applications","",""
"12376","עצורים","1","10013","Arrested","Arrested","",""
"12377","בדיקת חבילת בלדר","1","10002","CourierPackageCheck","CourierPackageCheck","",""
"12378","מסר סבנים תקופתי מהנמלים","1","10014","NDPortMessage","NDPortMessage","",""
"12379","הודעות שוטפות","1","41","ContinuousMessage","ContinuousMessage","",""
"12380","הצהרות בטיפול","1","3","DeclarationWithDocumentaryInspection","DeclarationWithDocumentaryInspection","",""
"12381","תנאים מגבילים לעצורים","1","10013","RestrictiveConditionsForArrested","RestrictiveConditionsForArrested","",""
"12382","ערעור על דואר חבילות","1","41","ClaimFileAppealOnMailDelivery","Appeal On Mail Delivery","",""
"12383","תיק תביעה","1","41","ClaimFile","ClaimFile","",""
"12384","אימות מסמך מקור (יבוא) ","1","16","ImportAuthenticationRequest","ImportProcessForm","",""
"12385"," מסמך מקור- תיק  (יבוא) ","1","16","AuthenticationRequestFile","AuthenticationRequestFile","",""
"12386","אימות מסמך מקור (יצוא)","1","16","ExportDocumentAuthenticationRequest","ExportDocumentAuthenticationRequest","",""
"12390","תהליכים ושלבים ברישוי","1","12","Licensing processes","LicensingProcesses","",""
"12391","אגרות לרישוי","1","12","LicensingFees","LicensingFees","",""
"12392","מועמד לרישוי","1","12","CandidateLicensing","CandidateLicensing","",""
"12393","בקשה לרישוי מחסן","1","11","LicensingStorageRequest","LicensingStorageRequest","",""
"12394","הצהרת ייצוא ( שלב ביניים )","1","3","TemporaryExportDeclartion","TempExpDeclartion","",""
"12395","משגור ייצוא","1","3","ExportConsignment","ExportConsignment","",""
"12396","סחורה ייצוא","1","3","ExportGoodsItem","ExportGoodsItem","",""
"12397","חשבון ייצוא","1","3","ExportInvoice","ExportInvoice","",""
"12398","הפקה מרוכזת","1","11","ConcentrateProduction","ConcentrateProduction","",""
"12399","מכסות WTO","1","2","QuotaWTO","QuotaWTO","",""
"12400","כלי חילוץ","1","10018","RescueTool","RescueTool","",""
"12401","הזנת הגעה לאתר בדיקה אווירי","1","10002","Cargo arrival to aerial examination site","Cargo arrival to aerial examination site","",""
"12402","גרעון כללי","1","42","GeneralDeficit","GeneralDeficit","",""
"12403","סוג מוצר לזכאי","1","10001","CustomsItemInEntitlementItem","CustomsItemInEntitlementItem","",""
"12404","בקשה לפיצול מטען","1","10","SplitCargoRequest","SplitCargoRequest","",""
"12405","כלי הוספת צרופות","1","10018","AddDocumentsToEntity","AddDocs","",""
"12406","אישור רכב ממשרד החוץ","1","10001","MFAVehicleCertificate","MFAVehicleCertificate","",""
"12408","הזמנת רשימונים מהארכיון","1","10020","ArchiveDeclaration","ArchiveDeclaration","",""
"12409","ישות זמנית קרנה","1","44","TempCarnet","TempCarnet","",""
"12410","מנהל מסרים","1","14","MessageConsumers","Message Consumers","",""
"12411","קישור פרט מכס ומקח למסמך","1","2","CustomsItemMekachDocumentConnected","CustomsItemMekachDocumentConnected","",""
"12412","מחולל דוחות SSRS","1","10008","ReportGenerator","ReportGenerator","",""
"12413","בקשה לתיקון תנועת קרנה","1","3","CarnetAmendmentRequest","CarnetAmendmentRequest","",""
"12414","הצהרת  יצוא - פנימי","1","3","Export Declaration","ExportDeclaration","",""
"12415","תוכנית עבודה","1","10017","Work Plan","Work Plan","",""
"12416","ספר תעריף המכס","1","2","CustomsTaarifBook","CustomsTaarifBook","",""
"12417","מטען בניהול המכס","1","10","PassengerCargo","PassengerCargo","",""
"12418","פרט מכס מהותי בבקשת פט""מ","1","9","ConditionalExemptionRequestTrueItem","ConditionalExemptionRequestTrueItem","",""
"12419","תכנון מול ביצוע תכניות עבודה","1","10017","WorkPlansExecution","WorkPlansExecution","",""
"12421","אתר בדיקה לפי מספר משאית","1","10002","FindCheckByTruckNumber","FindCheckByTruckNumber","",""
"12422","משמרת בסידור עבודה","1","10012","Shift","Shift","",""
"12423","קנס / כופר","1","3","PassengerDeclarationRelationshipEntity","PassengerDeclarationRelationshipEntity","",""
"12424","חישוב מיסי קרנה","1","3","CarnetTax","CarnetTax","",""
"12425","טובין בתנועת קרנה","1","3","CarnetMovementItem","CarnetMovementItem","",""
"12426","רישיונות ואישורים בפרט קרנה","1","3","CarnetLicenseConfirmationAndExemption","CarnetLicenseConfirmationAndExemption","",""
"12427","בקשה לתיקון הצהרת יצוא","1","3","ExportAmendmentRequest","ExportDeclaration","",""
"12428","ניהול זכרון מטמון","1","10018","CacheTools","CacheTools","",""
"12429","תיק חקר - עיצומים","1","10013","InvestigationSanctionsCase","InvestigationSanctionsCase","",""
"12430","תביעה כללית","1","41","GeneralClaim","GeneralClaim","",""
"12431","תפעול ישויות בתור","1","224","QueuesOperation","QueuesOperation","",""
"12432","בקשת פטור על רכישת ת. דלק מיבואן","1","9","Conditional Exemption Fuel Purchase Request","CE Fuel Purchase Request","",""
"12433","בקשה לפעולה לוגיסטית","1","10021","LogisticActionRequest","LogisticActionRequest","",""
"12434","כבילות","1","2","BoundTariffRow","BoundTariffRow","",""
"12435","הארכת תוקף קרנה","1","3","CarnetDueDateExtension","CarnetDueDateExtension","",""
"12436","עדויות - אכיפה","1","10013","InvestigationMaterialEvidence","Evidence","",""
"12437","צווים - אכיפה","1","10013","InvestigationMaterialOrders","Orders","",""
"12438","חומרי חקירה - אכיפה","1","10013","EnforcementInvestigationMaterials","InvestigationMaterials","",""
"12439","בקשת טופס 13","1","12","CertificateRequest13","CertificateRequest13","",""
"12440","בקשת גורם כלכלי/יבואן מאושר","1","12","AeoRequest","AeoRequest","",""
"12441","תיק חקר - כללי","1","10013","Investigation General Case","Investigation General Case","",""
"12442","טיפול בחסימת לקוח ומסמכיו","1","10018","HandleConsumerDocuments","HandleConsumerDocuments","",""
"101318","מדד תוכניות עבודה","1","10017","WorkPlansIndexType","IndexType","",""
"101319","קריאות יבוא אישי","1","600","TicketRequest","TicketRequest","",""
"101320","בקשה לביטול מסמך מוביל יצוא","1","3","ExportCancellationRequest","ExportCancellationRequest","",""
"101321","בקשה לועדת יבוא","1","3","ImportCommitteeRequest","ImportCommitteeRequest","",""
"101322","הערת שוליים","1","10010","Footnote","Footnote","",""
"101323","רישיונות ואישורים ביצוא","1","3","ExportDealFileLicenseConfirmation","ExportDealFileLicenseConfirmation","",""
"101324","משגור יבוא בהצהרת שטעון","1","3","TransshipmentImportConsignment","TransshipmentImportConsignment","",""
"101325","אתרי ביניים עבור הצהרת שטעון","1","3","TransshipmentImportIntermediateSite","TransshipmentImportIntermediateSite","",""
"101326","בקרת חשבונות באכיפה","1","10013","BkcshInforcment","BkcshInforcment","",""
"101327","סיווג קודי הנחה ייצוא","1","701","DiscountCodesExportClassificationsDetails","Classification Details","",""
"101328","קרנה TIR","1","3","CarnetTIR","CarnetTIR","",""
"101329","התאמות בנקים","1","7","BanksAmountsMatching","BanksAmountsMatching","",""
"101331","חיפוש המכלות","1","10","חיפוש המכלות","","",""
"101333","בקשה לאישור/רישיון","1","55","Request For License","ConfirmationRequest","",""
"101334","שורת בקשה לאישור/רישיון","1","55","Request For License Item","ConfirmationRequestItem","",""